parameters,accuracy,precision,recall,f1,method
"k1: 5
k2: 5
cnn_internal: 16
cnn_out: 32
hidden: 64
layers: 1",0.9733333333333334,0.9952106785826816,0.9244444444444444,0.9582916807721157,grid-search + 5-Fold CV
